{"backedUpFiles":["/sdcard/FIRST/blocks/teleop_v1.js","/sdcard/FIRST/blocks/1driver.blk","/sdcard/FIRST/blocks/BLUE.blk","/sdcard/FIRST/blocks/autonomous_v1.blk","/sdcard/FIRST/blocks/autonomous_v1.js","/sdcard/FIRST/blocks/teleop_v1.blk","/sdcard/FIRST/blocks/1driver.js","/sdcard/FIRST/blocks/autonomous_v2.blk","/sdcard/FIRST/blocks/autonomous_v2.js","/sdcard/FIRST/blocks/tensorflowtest.blk","/sdcard/FIRST/blocks/tensorflowtest.js","/sdcard/FIRST/blocks/RED.js","/sdcard/FIRST/blocks/BLUE.js","/sdcard/FIRST/blocks/RED.blk","/sdcard/FIRST/blocks/other.blk","/sdcard/FIRST/blocks/other.js","/sdcard/FIRST/blocks/REDblock.blk","/sdcard/FIRST/blocks/REDblock.js","/sdcard/FIRST/blocks/servotest.blk","/sdcard/FIRST/blocks/servotest.js","/sdcard/FIRST/blocks/BLUEblock.blk","/sdcard/FIRST/blocks/BLUEblock.js","/sdcard/FIRST/blocks/RED2.blk","/sdcard/FIRST/blocks/RED2.js","/sdcard/FIRST/blocks/BLUE2.blk","/sdcard/FIRST/blocks/BLUE2.js","/sdcard/FIRST/blocks/Test Op 2022.blk","/sdcard/FIRST/blocks/Test Op 2022.js","/sdcard/FIRST/blocks/Test Op 2022_1.blk","/sdcard/FIRST/blocks/Test Op 2022_1.js","/sdcard/FIRST/blocks/MP XDrive Blockx.blk","/sdcard/FIRST/blocks/MP XDrive Blockx.js","/sdcard/FIRST/blocks/mpTest.blk","/sdcard/FIRST/blocks/mpTest.js","/sdcard/FIRST/blocks/mp Test Auto.blk","/sdcard/FIRST/blocks/mp Test Auto.js","/sdcard/FIRST/blocks/dltest.blk","/sdcard/FIRST/blocks/dltest.js","/sdcard/FIRST/blocks/mp Test Auto Backup.blk","/sdcard/FIRST/blocks/mp Test Auto Backup.js","/sdcard/FIRST/blocks/mpTest Backup No Enc.blk","/sdcard/FIRST/blocks/mpTest Backup No Enc.js","/sdcard/FIRST/java/src/org/firstinspires/ftc/teamcode/teleop_v1.java","/sdcard/FIRST/java/src/org/firstinspires/ftc/teamcode/teleop_v13.java","/sdcard/FIRST/java/src/org/firstinspires/ftc/teamcode/mpTest.java","/sdcard/FIRST/java/src/org/firstinspires/ftc/teamcode/MecanumTeleOp.java","/sdcard/FIRST/java/src/org/firstinspires/ftc/teamcode/mpTestAuto.java","/sdcard/FIRST/java/src/org/firstinspires/ftc/teamcode/mpTest2.java","/sdcard/FIRST/java/src/org/firstinspires/ftc/teamcode/mpTest3.java","/sdcard/FIRST/ultimate_goal.xml","/sdcard/FIRST/freightfrenzy.xml","/sdcard/FIRST/mp xdrive.xml"],"deviceName":"Control Hub 11995-RC","modifiedTimes":[{"fileName":"/sdcard/FIRST/blocks/autonomous_v1.blk","time":"Sat Jan  9 02:22:04 EST 2021"},{"fileName":"/sdcard/FIRST/blocks/autonomous_v2.js","time":"Sat May 22 12:20:35 EDT 2021"},{"fileName":"/sdcard/FIRST/blocks/teleop_v1.js","time":"Sat Nov 12 11:39:20 EST 2022"},{"fileName":"/sdcard/FIRST/blocks/autonomous_v2.blk","time":"Sat Jan  9 02:22:06 EST 2021"},{"fileName":"/sdcard/FIRST/blocks/teleop_v1.blk","time":"Sat Nov 12 11:39:20 EST 2022"},{"fileName":"/sdcard/FIRST/blocks/1driver.js","time":"Sat Apr 24 11:20:56 EDT 2021"},{"fileName":"/sdcard/FIRST/blocks/BLUE.blk","time":"Mon Dec 12 17:17:18 EST 2022"},{"fileName":"/sdcard/FIRST/blocks/1driver.blk","time":"Sat Jan  9 02:22:05 EST 2021"},{"fileName":"/sdcard/FIRST/blocks/RED.blk","time":"Mon Dec 12 17:17:21 EST 2022"},{"fileName":"/sdcard/FIRST/blocks/other.blk","time":"Mon Dec 12 17:17:24 EST 2022"},{"fileName":"/sdcard/FIRST/blocks/other.js","time":"Sat Jan  9 20:15:37 EST 2021"},{"fileName":"/sdcard/FIRST/blocks/BLUE.js","time":"Sat Jan  9 02:48:21 EST 2021"},{"fileName":"/sdcard/FIRST/blocks/tensorflowtest.js","time":"Sat Apr 24 10:14:41 EDT 2021"},{"fileName":"/sdcard/FIRST/blocks/autonomous_v1.js","time":"Sat Mar 27 10:21:02 EDT 2021"},{"fileName":"/sdcard/FIRST/blocks/tensorflowtest.blk","time":"Sat Jan  9 02:22:04 EST 2021"},{"fileName":"/sdcard/FIRST/blocks/RED.js","time":"Sat Jan  9 02:48:58 EST 2021"},{"fileName":"/sdcard/FIRST/blocks/Test Op 2022.js","time":"date: Can't stat /sdcard/FIRST/blocks/Test: No such file or directory"},{"fileName":"/sdcard/FIRST/blocks/Test Op 2022_1.blk","time":"date: Can't stat /sdcard/FIRST/blocks/Test: No such file or directory"},{"fileName":"/sdcard/FIRST/blocks/Test Op 2022.blk","time":"date: Can't stat /sdcard/FIRST/blocks/Test: No such file or directory"},{"fileName":"/sdcard/FIRST/blocks/BLUE2.blk","time":"Sat Oct 22 10:46:24 EDT 2022"},{"fileName":"/sdcard/FIRST/blocks/BLUEblock.blk","time":"Fri Jan  8 08:48:16 EST 2021"},{"fileName":"/sdcard/FIRST/blocks/RED2.blk","time":"Fri Jan  8 16:40:00 EST 2021"},{"fileName":"/sdcard/FIRST/blocks/RED2.js","time":"Fri Jan  8 16:40:00 EST 2021"},{"fileName":"/sdcard/FIRST/blocks/BLUE2.js","time":"Sat Oct 22 10:46:24 EDT 2022"},{"fileName":"/sdcard/FIRST/blocks/BLUEblock.js","time":"Sat Jan 16 01:48:29 EST 2021"},{"fileName":"/sdcard/FIRST/blocks/servotest.blk","time":"Mon Dec 12 17:17:25 EST 2022"},{"fileName":"/sdcard/FIRST/blocks/servotest.js","time":"Sat Jan 16 00:15:22 EST 2021"},{"fileName":"/sdcard/FIRST/blocks/MP XDrive Blockx.blk","time":"date: Can't stat /sdcard/FIRST/blocks/MP: No such file or directory"},{"fileName":"/sdcard/FIRST/blocks/MP XDrive Blockx.js","time":"date: Can't stat /sdcard/FIRST/blocks/MP: No such file or directory"},{"fileName":"/sdcard/FIRST/blocks/Test Op 2022_1.js","time":"date: Can't stat /sdcard/FIRST/blocks/Test: No such file or directory"},{"fileName":"/sdcard/FIRST/blocks/REDblock.js","time":"Sat Jan 16 01:53:00 EST 2021"},{"fileName":"/sdcard/FIRST/blocks/REDblock.blk","time":"Fri Jan  8 08:48:15 EST 2021"},{"fileName":"/sdcard/FIRST/blocks/mpTest.blk","time":"Sat Dec 24 16:50:49 EST 2022"},{"fileName":"/sdcard/FIRST/blocks/mpTest Backup No Enc.blk","time":"date: Can't stat /sdcard/FIRST/blocks/mpTest: No such file or directory"},{"fileName":"/sdcard/FIRST/blocks/mpTest.js","time":"Sat Dec 24 16:50:49 EST 2022"},{"fileName":"/sdcard/FIRST/blocks/mp Test Auto.js","time":"date: Can't stat /sdcard/FIRST/blocks/mp: No such file or directory"},{"fileName":"/sdcard/FIRST/blocks/mp Test Auto.blk","time":"date: Can't stat /sdcard/FIRST/blocks/mp: No such file or directory"},{"fileName":"/sdcard/FIRST/blocks/dltest.js","time":"Wed Dec 14 15:28:27 EST 2022"},{"fileName":"/sdcard/FIRST/blocks/mp Test Auto Backup.blk","time":"date: Can't stat /sdcard/FIRST/blocks/mp: No such file or directory"},{"fileName":"/sdcard/FIRST/blocks/dltest.blk","time":"Fri Dec 23 13:39:02 EST 2022"},{"fileName":"/sdcard/FIRST/blocks/mpTest Backup No Enc.js","time":"date: Can't stat /sdcard/FIRST/blocks/mpTest: No such file or directory"},{"fileName":"/sdcard/FIRST/blocks/mp Test Auto Backup.js","time":"date: Can't stat /sdcard/FIRST/blocks/mp: No such file or directory"},{"fileName":"/sdcard/FIRST/java/src/org/firstinspires/ftc/teamcode/mpTest.java","time":"Sat Dec 24 15:59:33 EST 2022"},{"fileName":"/sdcard/FIRST/java/src/org/firstinspires/ftc/teamcode/teleop_v13.java","time":"Mon Dec 12 15:41:25 EST 2022"},{"fileName":"/sdcard/FIRST/java/src/org/firstinspires/ftc/teamcode/mpTest2.java","time":"Sat Dec 24 15:57:37 EST 2022"},{"fileName":"/sdcard/FIRST/freightfrenzy.xml","time":"Fri Jan  8 08:38:51 EST 2021"},{"fileName":"/sdcard/FIRST/java/src/org/firstinspires/ftc/teamcode/MecanumTeleOp.java","time":"Mon Dec 12 15:20:17 EST 2022"},{"fileName":"/sdcard/FIRST/java/src/org/firstinspires/ftc/teamcode/mpTest3.java","time":"Sat Dec 24 16:02:22 EST 2022"},{"fileName":"/sdcard/FIRST/java/src/org/firstinspires/ftc/teamcode/teleop_v1.java","time":"Mon Dec 12 15:41:35 EST 2022"},{"fileName":"/sdcard/FIRST/ultimate_goal.xml","time":"Sat Jan  9 02:13:03 EST 2021"},{"fileName":"/sdcard/FIRST/java/src/org/firstinspires/ftc/teamcode/mpTestAuto.java","time":"Mon Dec 19 18:27:28 EST 2022"},{"fileName":"/sdcard/FIRST/mp xdrive.xml","time":"date: Can't stat /sdcard/FIRST/mp: No such file or directory"}]}