<?xml version='1.0' encoding='UTF-8' standalone='yes' ?>
<Robot type="FirstInspires-FTC">
    <LynxUsbDevice name="Control Hub Portal" serialNumber="(embedded)" parentModuleAddress="173">
        <LynxModule name="Expansion Hub 2" port="2">
            <NeveRest20Gearmotor name="duck" port="0" />
            <LynxEmbeddedIMU name="imu" port="0" bus="0" />
        </LynxModule>
        <LynxModule name="Control Hub" port="173">
            <goBILDA5202SeriesMotor name="frontright" port="0" />
            <goBILDA5202SeriesMotor name="frontleft" port="1" />
            <goBILDA5202SeriesMotor name="backright" port="2" />
            <goBILDA5202SeriesMotor name="backleft" port="3" />
            <LynxEmbeddedIMU name="imu" port="0" bus="0" />
        </LynxModule>
    </LynxUsbDevice>
</Robot>
