<?xml version='1.0' encoding='UTF-8' standalone='yes' ?>
<Robot type="FirstInspires-FTC">
    <LynxUsbDevice name="Control Hub Portal" serialNumber="(embedded)" parentModuleAddress="173">
        <LynxModule name="Expansion Hub 2" port="2">
            <NeveRest40Gearmotor name="ArmRotation" port="0" />
            <NeveRest40Gearmotor name="ArmElevation" port="1" />
            <NeveRest40Gearmotor name="ClawExtension" port="2" />
        </LynxModule>
        <LynxModule name="Control Hub" port="173">
            <NeveRest3.7v1Gearmotor name="LeftFront" port="0" />
            <NeveRest3.7v1Gearmotor name="RightFront" port="1" />
            <NeveRest3.7v1Gearmotor name="RightRear" port="2" />
            <NeveRest3.7v1Gearmotor name="LeftRear" port="3" />
            <Servo name="Servo_R" port="0" />
            <LynxEmbeddedIMU name="imu" port="0" bus="0" />
        </LynxModule>
    </LynxUsbDevice>
</Robot>
